"","x"
"1","GATGCAAATC"
"2","ACGGCATTTA"
"3","TATGCACCAG"
"4","CAAATAAGGC"
"5","AAGAATTACC"
"6","GTATGGCAGC"
"7","CAATGTGGTA"
"8","ACTTGTACGG"
"9","TGAGGGCTTA"
"10","GTGGATGGTC"
"11","GTTAGCGCTT"
"12","CTATCAATCG"
"13","GCGCACTACG"
"14","GCTCGCTCAG"
"15","GTGCCGAATG"
"16","GTGGCATCAT"
"17","ATCGTACCCA"
"18","CAATGCCGCG"
"19","CGCCATTAGG"
"20","CTGCAAATCC"
"21","TACAGCGAGC"
"22","CATAAAGCTT"
"23","AGATGCTGTA"
"24","ACCGGCTAAC"
"25","CCGGTGTATG"
"26","CTGCACTGCT"
"27","GAGCTAAGCC"
"28","ACATGGCGCC"
"29","GATAACTCGA"
"30","ACAGTCGCTT"
"31","TGCCGCAAGG"
"32","TGGCGAATCA"
"33","GTGATACAGT"
"34","CCTATTGTCC"
"35","CAAGCCTTAG"
"36","CTATCGCGCT"
"37","GGCGATTGCG"
"38","GCGGCACTTG"
"39","CACCAGGTAA"
"40","TAGGCTAAGT"
"41","TGCCGAATGG"
"42","ATTGCACTTG"
"43","AGGGCTGGAT"
"44","TAGTGCCATA"
"45","GGGATTCAGT"
"46","CCTCGCAAGC"
"47","CAGGCCAGTA"
"48","CTTATAGCTC"
"49","GAACGGCTAC"
"50","ACTGGTGCTA"
"51","TCGTGCGTAC"
"52","GGCCGATAGC"
"53","CCCTAATAGC"
"54","TGAGGGCTGA"
"55","GAGCTTGGGT"
"56","AAATGCAGGC"
"57","ATTCGCTAGG"
"58","CGTCAACTTC"
"59","GGCGGTAGGT"
"60","CTTAGATACT"
"61","CAGGTAAGGA"
"62","GGGAATCAAC"
"63","CGTGGCAATG"
"64","TAACCGATTT"
"65","CACGGGCTTA"
"66","AACTTGGGCG"
"67","TATGCGATGG"
"68","TGATGGCATT"
"69","TATAGGCTAT"
"70","TCGGCAAGCG"
"71","GGTGGTATCA"
"72","GAGAATGCAT"
"73","CTGATGCTAC"
"74","CTTAGATTGG"
"75","GATACGTCAA"
"76","GGAATGGGCG"
"77","ACGGGCCGAT"
"78","TACTTGGATG"
"79","AGCCTGAGTA"
"80","CGGCATTGGC"
"81","CTCGCATATA"
"82","GCGAGGCTCC"
"83","CGGAATTCAT"
"84","GGCTACCGGC"
"85","CGCTTATTCG"
"86","CTATTTGGAT"
"87","ATTTAGCAAT"
"88","GTGTGCGATA"
"89","GATACGAGCA"
"90","CTTATCGCAT"
"91","GTAAACAAAT"
"92","TATGTGGCAA"
"93","GCATAAATTT"
"94","AAATGCTTTG"
"95","TCAAGCATGA"
"96","TCAAGCTTGG"
"97","CTTGATAGTA"
"98","CAAGTTGAAT"
"99","CCGTGAAGAT"
"100","CTGGCAGGTT"
"101","CTGTAAAGAG"
"102","ACATGAGCTC"
"103","AGCATTAGGC"
"104","CACGCAGCTA"
"105","ACCGGCTCAT"
"106","CTAAGTGGAA"
"107","TGCGGCTAGT"
"108","GGCCCACTGC"
"109","GATAATCAGC"
"110","AAGCAGGTTT"
"111","ATTAGCTTTC"
"112","TGCATGCGGG"
"113","AAGCTAATAG"
"114","GAGCTGAACT"
"115","TTGGCTACGT"
"116","AAAGCCTGTG"
"117","CCATCGCTTA"
"118","GTGCCAGCCT"
"119","ACAGCTTAAA"
"120","CATGGTGGTG"
"121","ATAGATTGTC"
"122","TCATACGAAA"
"123","GAGGCGTAAC"
"124","CAAACTTGTG"
"125","GGCCAGTTCG"
"126","TAAAGGTTGC"
"127","GAAAGTGGCA"
"128","GAAACAGCTA"
"129","GACAATATTC"
"130","GTAGCACTGC"
"131","TAGCGATTGT"
"132","AGAATGCGTC"
"133","AGTACGAACC"
"134","GCAATAAGCA"
"135","AAACTACGAA"
"136","ATTTAATGCT"
"137","TAGCGTTAAA"
"138","GATAACCGCG"
"139","AGCATACGTT"
"140","AGAATGCCAG"
"141","TCCACTAAAG"
"142","CAGGTATACA"
"143","TGCATACTGA"
"144","GTAGGTTGAC"
"145","TACTTGGGTG"
"146","TGAAATACTG"
"147","ACTGGTGCCA"
"148","CATAGATGCT"
"149","ACAGCTGCGT"
"150","GGTATACAAG"
"151","GCAACGAACT"
"152","AGCATTAATC"
"153","TTCGCATTTA"
"154","CAATAAGCGC"
"155","ACTACGAGCG"
"156","TGGATATACT"
"157","TCGGGTTGAT"
"158","GCATCGATGC"
"159","CGCACGGCTG"
"160","TCAGCTTTAC"
"161","AGAATGCGTT"
"162","GTAGCAGACT"
"163","TGCTGAATAT"
"164","TGGACTATGT"
"165","GCAACGACGT"
"166","GTTCGATAAC"
"167","CCATCAGTTA"
"168","AATATGATTC"
"169","TGTATGCCCG"
"170","AGGTATTACC"
"171","CAAGCAGCTG"
"172","CCTAGCACTC"
"173","CATGATACGT"
"174","CAGCGCATAT"
"175","GTCGCGCTAA"
"176","AGCCCAGCCT"
"177","TTGCTATTGG"
"178","CCAGGCCGTT"
"179","CTAAGCTGAT"
"180","CCATGCAAAT"
"181","GCGAACTGGT"
"182","TATCAATTGA"
"183","CCCAGTTACA"
"184","ATCAGCTTAC"
"185","CGGATTGTTC"
"186","GTACAATGTC"
"187","TCGTATCCTT"
"188","TAGGGCACTT"
"189","TGCTTATCAG"
"190","CTAATTGGTA"
"191","CGCAGGCTGT"
"192","GCGGTCAACA"
"193","GTAGGCCGCG"
"194","CTGAACGCCC"
"195","AGCTGCGATC"
"196","TCAGGCAGCA"
"197","CTTGCTAGTG"
"198","CTGGATACTA"
"199","CGCCTATTGT"
"200","TGTAGATTGC"
"201","AGGGCTTTCG"
"202","GGCAGCCTTT"
"203","GCATGCGGGT"
"204","AGTTACGCAG"
"205","GCGTTAGCTC"
"206","CAGTATTGGA"
"207","CTCAGGCCGT"
"208","TGTAGCAGAG"
"209","TCAAGCTGAT"
"210","TTAACTGATC"
"211","CATAGCAAAT"
"212","TCCGCTGCGA"
"213","TGCACTCAAA"
"214","TCGAGCTTCA"
"215","CACGCAGTAG"
"216","AGGTGGATCC"
"217","CTTAAAGAAT"
"218","CGCGTAACTG"
"219","TCCAAGTTAG"
"220","TGTCAACACG"
"221","ATGGTGCTCC"
"222","GGAAAGCTTT"
"223","AGATAGTTCG"
"224","GACGGATTCG"
"225","GATTTGAAGC"
"226","AATATTCAGC"
"227","ATTCGCTTAT"
"228","TAGTTACCAG"
"229","GAAATCGGCA"
"230","ATAGATTGCA"
"231","TTGGCCATAG"
"232","TAGCGCAGGG"
"233","ATCAGCCACA"
"234","TGGAATTGCG"
"235","AACCGCAGGT"
"236","GCACGCAGCT"
"237","CGCTTACGCC"
"238","GCCCTGTGGA"
"239","CTGTATTTAG"
"240","AGAAATCAAA"
"241","GGTCAGCCAA"
"242","GAAGTAATCC"
"243","TAGTTAACCA"
"244","CATAGTTTCC"
"245","TCCTGCAGAG"
"246","ACTATGGCGC"
"247","CACGGCATAT"
"248","CCACTAAGCT"
"249","GCAAGTGCTT"
"250","GAATAACTCG"
"251","TCGAGCTCGT"
"252","CCGGAAATCC"
"253","GCATCGCTTC"
"254","GGTATTGCTG"
"255","TGCATGTAAA"
"256","ACTGCAGGAC"
"257","CGTATTTACG"
"258","AGCTGGATTA"
"259","ACATAGCTTC"
"260","GCCTTGGCTA"
"261","AACGCAACTA"
"262","GAGCAACTTG"
"263","CGATTCGATT"
"264","AGCTAAGCTT"
"265","CTATCGCGAG"
"266","CGCTATCATA"
"267","AGAATGCAAA"
"268","TGGAGCTATC"
"269","CGTCGGCCGA"
"270","GCTATTGGAT"
"271","CGGATATTGA"
"272","GTAGCTACCG"
"273","AGTGCGGCTG"
"274","CCTGAACGAA"
"275","GACAGCTGTT"
"276","TTCAATTTGT"
"277","GGCTAGCAAA"
"278","GGCGATCCTT"
"279","GGCGGTATTA"
"280","GCGATGCTAC"
"281","GAGGTGCCGA"
"282","ACTGCTGACC"
"283","CAAGCAAATT"
"284","TAGTGCCATG"
"285","ATATGATTCG"
"286","GATTGCTAGA"
"287","AGGGCTATTG"
"288","GCGCGATTAT"
"289","TAATGCGGCG"
"290","GGATACAGCA"
"291","GTGAAGCCAA"
"292","CAGCGCATAA"
"293","TGGAGCTGAT"
"294","TCATATAGCT"
"295","GCTACGGGCA"
"296","ATGGATCGGC"
"297","AGGTTACGCT"
"298","CGCAATAGAC"
"299","ATTCGATTGG"
"300","GCAGGAATCA"
"301","TTGGGCTAGG"
"302","CCAATAGGCC"
"303","GAATCGCGGT"
"304","TGAAGCCTGA"
"305","CCATGAGCTC"
"306","AAGCATCGAT"
"307","AAGCGCATGT"
"308","GATGCGCTAG"
"309","TACTAATTGG"
"310","AGAATCGCAA"
"311","GCCCAGTGCG"
"312","TGCCCAGTTT"
"313","GGGTAACCGA"
"314","TCGGTAAGAG"
"315","ACAGCTAGCA"
"316","CGCGCAACTG"
"317","AACTGCGCTG"
"318","GTCCATTGGC"
"319","CACGCTGGTC"
"320","CGTACAGTAG"
"321","TAATACTGAT"
"322","ACCTAGGGCT"
"323","TCGTGCTCAC"
"324","AGGCCATACG"
"325","GTGCGATGGT"
"326","AGGGCGATAT"
"327","CGTGGCAAGA"
"328","CATTGAAGTC"
"329","GAACTATGAG"
"330","TATCAGCAGA"
"331","AACGGGTCAG"
"332","TTGCAGGTTC"
"333","GCTTGCCATT"
"334","GCGATGACTC"
"335","AATTGCAGAC"
"336","AATGAGCTGA"
"337","GATTCATTTC"
"338","CGCGCTGCAT"
"339","ATGAAACGGG"
"340","GGCTGCGTAG"
"341","AGGTATTGTC"
"342","CCTAGATGAG"
"343","GTGCTATTTA"
"344","CGGTGTATGC"
"345","GTGAAGCCAG"
"346","GTTAGGCTAA"
"347","ACCTTGAATA"
"348","TACGCTGCCA"
"349","GCAGTTCGTA"
"350","ATTCATAGTA"
"351","CGCAGCTGTT"
"352","GGAATAACCT"
"353","AGTCAGCGTC"
"354","CATGCGCTTA"
"355","ATGACGATAG"
"356","AACAGATTCG"
"357","GCAGCTAACT"
"358","GATGCTAGAA"
"359","CGGTGGATGG"
"360","TAGCCCAGCA"
"361","CGAAATGACC"
"362","TGCCATTTAC"
"363","TCCGTATTTA"
"364","AAGCAGTCCT"
"365","AGTGCTATGC"
"366","GTACAGCGCA"
"367","AACTATGGCA"
"368","CGTAGAAAGA"
"369","GTCAGCGGAT"
"370","CCATGAACTA"
"371","CAACTAGAAA"
"372","TGGCTAGGAG"
"373","TGCTCATCGG"
"374","AAAGATGACT"
"375","TTCGGCTCCA"
"376","GTAAACATTC"
"377","GTCAGCAGGT"
"378","TCATCGGCTT"
"379","AGCTAATTGG"
"380","TTGGCTTAAA"
"381","TGCAATTTAG"
"382","CCCAGGTAAA"
"383","GTGGAATCAG"
"384","AGGGTAGACA"
"385","CTGAAAGTGG"
"386","TAAGCAGCTA"
"387","GCCGCATTCA"
"388","TTTAGCAGAA"
"389","GTAATTATTC"
"390","GTCCAAGCTC"
"391","AAGTTAGGGC"
"392","CTGAAATGAC"
"393","AGGTGCAAGG"
"394","GTTCGTACAA"
"395","CAACCGCATT"
"396","GGCAATGGAT"
"397","CCTGCTCAAG"
"398","TAAACAGTGC"
"399","GCGCGTAAAC"
"400","AATGAGCGCT"
"401","CTGCCTAATT"
"402","TGCACGGCCG"
"403","GTAACTAGTG"
"404","AACGCATTGC"
"405","TATTCGGTAA"
"406","TCCATGCTGC"
"407","CAAGGTTGCA"
"408","ACTATGGTGC"
"409","CAGCAGCTAC"
"410","CGAACCACGT"
"411","TTATGGGCTA"
"412","TGAATAAATC"
"413","ATCAACTGCA"
"414","GGCAGCCTCG"
"415","CTAACGCAGC"
"416","TAACTGCCGA"
"417","CTGGCCGCAC"
"418","ATATCGCAGA"
"419","TGGTGCTGCA"
"420","TATGGTTGCT"
"421","ACTATGCGGC"
"422","GTGAGCGAGC"
"423","TAAGTGCGGA"
"424","AATGGTTGCA"
"425","CCATGCGCAC"
"426","ACGAATACTA"
"427","ATGGACTATA"
"428","GCTATGCACG"
"429","TGAGCTTGTT"
"430","CGCCTGCGCA"
"431","CCTAACGCAG"
"432","ATGCAACGCA"
"433","AAACCGCATC"
"434","CCTTGGTATA"
"435","TGTGCTTATT"
"436","GGTGCTGTAT"
"437","ACCGCATCGA"
"438","TGCGCTTATG"
"439","CAAGCACTTG"
"440","CCTGGCCATA"
"441","TTTGCAATCA"
"442","CGCGATATCA"
"443","CCGGTGCGAC"
"444","CCCACTTGTA"
"445","AATCAACTAG"
"446","CAATAACCGC"
"447","GTAGCTAAGC"
"448","CTGCTGAATT"
"449","GACCGCGAGT"
"450","CCTGAAACTT"
"451","GCATAATCAG"
"452","ACCGAATCGG"
"453","ACATGATGCC"
"454","AAATGCAATC"
"455","CGTAGATGTA"
"456","CGCTAACGCC"
"457","TATCGTACGA"
"458","AGCTTCAGTT"
"459","AGCATTAGGG"
"460","TTTGCACACT"
"461","TCCGGCTTAG"
"462","ACTGCTTATT"
"463","TACTATGCTT"
"464","ACTGGCGATT"
"465","CGGAAATCAT"
"466","TAGGCTAGTA"
"467","AAAGATCCTA"
"468","GAAATCGCGG"
"469","AATAGGCGTA"
"470","CCGCTTTATA"
"471","AATACAGCCT"
"472","GGAGGCCGTT"
"473","GACTGCTTGG"
"474","GCCTATTGTC"
"475","GAGCTTGCCC"
"476","CATCGCGGGT"
"477","GATTTGTACT"
"478","AATCGCGCAT"
"479","ATAGTGCTGA"
"480","TAGCTGAATA"
"481","TGGCAAGCAG"
"482","CTTGAAAGAA"
"483","CAAATGCGCA"
"484","AATATTGAAC"
"485","AGGCTATGGC"
"486","GAATCAACAA"
"487","ACTGGCACTT"
"488","CAATACAGCA"
"489","AGTTGGTTGC"
"490","CCACTAGTGC"
"491","ACGCAGGTGT"
"492","TGTTGCGATC"
"493","GATACTTAGG"
"494","GAGCAATGGT"
"495","ACCTTGGGCG"
"496","TATTGGGCTT"
"497","CAAGCTATCC"
"498","CATGGCGGTC"
"499","CCATCGCTCG"
"500","CCTGCGACAA"
"501","AGCATGCCGA"
"502","TGCTGGATCG"
"503","TAGCTACAAG"
"504","CCCAGCCTTA"
"505","TGGTGCTAGA"
"506","TCGCATTACC"
"507","AAATGCTGCA"
"508","CCTAATCGGC"
"509","TCGGCAATCA"
"510","GGATACGCTG"
"511","CTGAACTGCT"
"512","TGCAGCTGTT"
"513","AAAGCTTAAA"
"514","TTAGGCTACC"
"515","TCGCGCAGTT"
"516","CGATGGCGAC"
"517","AACTCGTATC"
"518","ATAGGGCTTA"
"519","CCTGGCAGGC"
"520","GCACGCATTG"
"521","GCGATATTCG"
"522","TATAGATTCG"
"523","AGATGCGTAA"
"524","TCGAGCTAAT"
"525","GACAAATGAC"
"526","TAAGCTGCCG"
"527","GTATCATAGC"
"528","TAACGATAGT"
"529","CAGATTGACG"
"530","ATAAACAGAT"
"531","ATTTAGCGGC"
"532","GGTCAACTTG"
"533","GCCTTGCAGG"
"534","GGGATCCTAT"
"535","ATAGCAATAC"
"536","CGGTGCATAC"
"537","ATCGCGAATA"
"538","GTGGCGTATC"
"539","GTTCGGGTTA"
"540","GCCTCATCGA"
"541","GGCACATCGG"
"542","ACTAGCGAGT"
"543","GCTCATCCCA"
"544","CCTCGCAACA"
"545","AGCATAACCC"
"546","TCAATGACGG"
"547","CGCATAAATC"
"548","CCAGGCTCAC"
"549","TACAGCAGGG"
"550","AATTGCAAGG"
"551","GATAGATGCT"
"552","AACCGCTGGA"
"553","AACATGCATA"
"554","ACGTAGATGT"
"555","CGCATATGAT"
"556","GCCGAATAAG"
"557","AAAGAATGCT"
"558","GGCTGCCTAT"
"559","GAACCATCGA"
"560","GCTTATAGCG"
"561","GGCGTTCAAA"
"562","GAACGAAATC"
"563","CGATAGCTGG"
"564","CATGCAGCAG"
"565","ACAGCTAAAT"
"566","AGCACTAAGC"
"567","GAAGCTATGA"
"568","AAGCTGACCC"
"569","AGATTCATTT"
"570","AAGCAGTTCG"
"571","TTAATGGCAT"
"572","ATGCCATATC"
"573","TGCTATGTGC"
"574","CGTTTGCTAT"
"575","AGACACATTG"
"576","AACCGCTTGG"
"577","AACCTTGGTC"
"578","CGTAAACATG"
"579","AGTCAACACC"
"580","GGCGGGCAAT"
"581","CATTGCCATG"
"582","CTACCGGCTC"
"583","CCTTGATAAC"
"584","TTCGATGGCG"
"585","ATAAGAGCGC"
"586","ATCCGCGAGG"
"587","CTCGTACGCC"
"588","CTACGCTACG"
"589","CAGGTATACG"
"590","TATGCAGGGA"
"591","GTATGGCGAT"
"592","AAGTACGGCG"
"593","CGATATCAAT"
"594","TTGCATGATA"
"595","CATGAGAATT"
"596","CACTGCTCAG"
"597","AATGCTATGC"
"598","CTGTGGATAA"
"599","CGATATCAAC"
"600","TCAACTAGTA"
"601","CGATAGCTTA"
"602","AGCATCGCGC"
"603","AAGTCGCTAG"
"604","CCGTATCATA"
"605","TCAAGGCTGT"
"606","AGCTGCAACA"
"607","GAACTGAAAC"
"608","GGCCGTGATC"
"609","TACGCTTACT"
"610","AGTAGTGCGT"
"611","GTGCGATAAC"
"612","AGCGATGCTG"
"613","CGTGCGGCAT"
"614","TGAGCGCTAA"
"615","TAGGCTTTCG"
"616","ATCCAAGGCT"
"617","GTGGGCTAAG"
"618","CGAAATCGGG"
"619","AATGCGCTTC"
"620","TATGGCTAAA"
"621","GTTGCTAGGG"
"622","CAGCTGGTTT"
"623","TACTATGCAG"
"624","GGGCTAAATT"
"625","CTAGATTCAA"
"626","GGAGCTGGAT"
"627","TGCATATAAC"
"628","ACGTTGGTTA"
"629","GGCTAAAGCG"
"630","AATTGCAAGC"
"631","GCCTGAGCGC"
"632","GAAGATGCGG"
"633","GGATATACAC"
"634","GCTGTGGCGA"
"635","GCCTGAACGT"
"636","CGGTAAGTGA"
"637","AGTCAGCGAG"
"638","GACTGCTTTG"
"639","CTAACGATAG"
"640","CCGATTAGTA"
"641","CCTAATTTAG"
"642","CACGCCATGG"
"643","GTAACCATCG"
"644","ATCAAATGAC"
"645","TAACAAAGAT"
"646","TTCGTATCCA"
"647","ATAACTAAGA"
"648","GCCATATAGA"
"649","GCAGGCTCCC"
"650","TACAATGAAA"
"651","TACTATGTCG"
"652","CCGCGAACTG"
"653","GGGTACCCGT"
"654","TCATGCAATC"
"655","TACAATGTGA"
"656","AGTGCTTGCG"
"657","CGGAATTATT"
"658","GCCGATTGGT"
"659","TCCGGCTTAG"
"660","CGATGCTGTG"
"661","GAAACGGCTC"
"662","CGCAATAGGT"
"663","CGATAACTTG"
"664","TAATGCATGC"
"665","GAGCAAGCTT"
"666","CGGCAATATC"
"667","GAGAATCAAT"
"668","CTTATTAAGG"
"669","CAATAATCGC"
"670","CGTAAGCTTA"
"671","TTTGTAGGCG"
"672","TGTGAAACGG"
"673","CATATAGAAA"
"674","ACAGCGTTGG"
"675","CGATATCCAG"
"676","TGCAATTTAC"
"677","TGCATGATAA"
"678","AAAGCGTTAT"
"679","AACAATGATG"
"680","AGTACGCCAA"
"681","TTCAAATGCA"
"682","GCTGCCATGG"
"683","CCACTAGTGC"
"684","CAAGCGTTTA"
"685","CACGGCGTTT"
"686","ATAGCAGCCT"
"687","CGCAAGCTCC"
"688","GCATGAAATC"
"689","GGCCCTAACT"
"690","GATGCTAGCG"
"691","AGGGTACTCC"
"692","GAGCAGGTGC"
"693","TGATTAGCTT"
"694","AGCTTGTAGC"
"695","AATAGATTCA"
"696","GGCCATTTCA"
"697","CAGCAAATGT"
"698","GCGGTACTAT"
"699","ATGGCATTCA"
"700","GATGCGATGC"
"701","CTACGCCAGA"
"702","CATCCAGAGG"
"703","GCTAGCGCGC"
"704","TCGATTCAAT"
"705","CTAATACAGC"
"706","ATCAACGACA"
"707","GATTACTTGG"
"708","CGGATTAGGC"
"709","CCAAGCAGCT"
"710","TGAGCTAGAC"
"711","CATGCAGGCC"
"712","AAAGCATCGC"
"713","TGAAGCGTGG"
"714","CGCGCTTTAA"
"715","TACTCAAGGT"
"716","CTATATGATT"
"717","ACTATGGCAT"
"718","AATGTGGATC"
"719","AGCACTACTG"
"720","TCAGCAACTG"
"721","GAAATGTTGC"
"722","CCATGTGGTG"
"723","TGGATACTTA"
"724","CTAGGTTACT"
"725","AAAGCTGACC"
"726","CTAAATCAGT"
"727","TGCACTAAGC"
"728","CGGATTGACT"
"729","GTAGCTTAGC"
"730","AGCTATTGTG"
"731","TGAAGCCGAA"
"732","GATCAATGCC"
"733","AGTAGCTGAC"
"734","GCCTGCACGG"
"735","TTGCTTACTG"
"736","GAGTATTCAG"
"737","TGTTGAAGCC"
"738","TTCGGTACTC"
"739","GCATATTGTC"
"740","GTAGAGCGGC"
"741","ATTAGCAGTG"
"742","TTCGATAGGC"
"743","ATACGCTGCA"
"744","TTCGCTATTA"
"745","TTGCAGGCCG"
"746","ACCTAACTAG"
"747","CAAGGCAGTC"
"748","AATGCTAATC"
"749","GTAGCAGCAG"
"750","ATGGCTATCG"
"751","GTTCAAAGGT"
"752","TCACGCTGCC"
"753","ATCATAGTTG"
"754","GAAGCAATAA"
"755","TACAATGTTA"
"756","GATGGATTCA"
"757","GCTTGATAGT"
"758","GGCTATCGTA"
"759","ACCGATGGCG"
"760","TTGCTGCAAG"
"761","CTACGCCCTT"
"762","CCTTAGCTTC"
"763","TTATAGCGAT"
"764","AGCAATTGCT"
"765","AAGTAGGCTG"
"766","AGTTGACAGC"
"767","GATGAGCGGC"
"768","TTATTTACGC"
"769","AAGTCAGCTG"
"770","AAGTCAGCGC"
"771","GCTCGCATTA"
"772","TGCAATCGCT"
"773","TATCGCAGAT"
"774","CAAGTGCCAA"
"775","AGGCCTTTCA"
"776","AAAGCCTGGC"
"777","GATGGTGGGC"
"778","ACGCAGGTTA"
"779","GGCATATAAA"
"780","TGATTCGGCA"
"781","GCCATCGCGT"
"782","ATGCTGGTTT"
"783","CAGCTTATGT"
"784","TTTAATTGGC"
"785","CTAATCGACT"
"786","AGAATTGGCT"
"787","TTTAGCTAGA"
"788","CAATAATCGG"
"789","ATTAGCGTAG"
"790","CGTTTAACAG"
"791","CTTCAGCTGT"
"792","CGCATGTTCG"
"793","TTAATGCCGG"
"794","TGATGGCGCG"
"795","TGCCGCGAAC"
"796","ATGGCAAATC"
"797","CTAGCAGGTT"
"798","TCAGCTACTC"
"799","AACGGCTTTA"
"800","TCATGCTAAC"
"801","ACGAATGGTC"
"802","TTGGCCATAG"
"803","TACAATGCCC"
"804","ATGAGCTTTA"
"805","GACGATATCG"
"806","TATGATGGCG"
"807","AGAATCGAGA"
"808","CACTAGTTAA"
"809","ACGGCTGACA"
"810","GCGGCTCAAA"
"811","AACTGCTCAC"
"812","AGGGCGATAT"
"813","CAGTAGCTGG"
"814","ACTATGCACA"
"815","TATGGCTATC"
"816","CGCATGTAAC"
"817","TAGATAGGCT"
"818","TCCGTTAAGC"
"819","AACTACAAGT"
"820","TCGATTCGGC"
"821","GGATTATTCA"
"822","AAGCGGCTGG"
"823","TTATCGCACA"
"824","GAATGCTACC"
"825","TAATACTGGG"
"826","ACAGGCGTGC"
"827","GCAAGCGAGT"
"828","GTAAGCTGCA"
"829","GTGGCAAGGT"
"830","TGCAACTCGA"
"831","CATATCGCGG"
"832","GAACGTGCTT"
"833","TTACGCAATG"
"834","AACTAGTTAG"
"835","TTACTTTGGA"
"836","AGCTAGATCA"
"837","GGCGTATTGG"
"838","GATGGCGATA"
"839","ATGCAGAGCA"
"840","CTGGCGATTG"
"841","AGCGAGCTCG"
"842","TCCGTATTAG"
"843","GGCATATCCA"
"844","TAGAGCGGCA"
"845","CTTTGCTCAA"
"846","TCGATGGATT"
"847","CGTATTCGAT"
"848","CGGCCGTTAC"
"849","GTGCCATGCC"
"850","CCATGGCATC"
"851","GTACTAAACA"
"852","TGAACGAATG"
"853","CATGGTTACA"
"854","GACATTTAAT"
"855","AAACTACGAA"
"856","AAGCGTTTAA"
"857","CATGCGTTCA"
"858","ATAAACTGGG"
"859","AGCATGCAGC"
"860","GTCGAAGCTC"
"861","GAATTGCTCC"
"862","TCATCGCTAT"
"863","GAACTGAGGA"
"864","AGTGCATATT"
"865","CTTGCCAGTA"
"866","TGGAATAGCT"
"867","ATCAATGTAT"
"868","GCACTAGCGA"
"869","GGTTGAATAC"
"870","GATGGCGATA"
"871","GAATCAGTTC"
"872","ATAAACTGCC"
"873","CAAATTAAGG"
"874","GTTAGATACG"
"875","GCATGCTTAC"
"876","TCGTACCACG"
"877","TGGCAACAAC"
"878","GAAGCTGTAT"
"879","TTAGCTCCAG"
"880","TCGGCAGCTT"
"881","AAGCTATTCA"
"882","AGAATCGCAT"
"883","AATGGCTAAT"
"884","TCGCGCACGA"
"885","AGCTTGCAAT"
"886","ACATCAGCCC"
"887","GGGCAATGTT"
"888","GAGCAAGTTA"
"889","GGTATTCGCC"
"890","CCGAGCTGTT"
"891","CTGCAATATG"
"892","ACGGCTAGCG"
"893","TCATCGCTTG"
"894","GCTAAGCGAG"
"895","CCTACGCAGT"
"896","TGCAATTGCC"
"897","AGCAGCCTTA"
"898","TGGCAGTTTC"
"899","ATGTAACTGC"
"900","GCATCGATAT"
"901","CCACTAGAAC"
"902","TGCACTACAA"
"903","ATACAATGGC"
"904","CTTAATGCCC"
"905","TCGCAAGCAC"
"906","GTAAGTGGCA"
"907","ACGCGCTTAC"
"908","TGTAGCAAGT"
"909","GATGCACTAG"
"910","CGTAAAGCGT"
"911","TTCGTACAAG"
"912","AATGGCGATT"
"913","CGCTATGGTG"
"914","ACGCGAATAC"
"915","CTATGGCGCG"
"916","GTTGCTCATT"
"917","GTAGTGCCTC"
"918","GTGGCAAAGG"
"919","AGTCCTATTG"
"920","AGCTTAGATG"
"921","TGGAAGCTGC"
"922","GTTGCATTTC"
"923","GCGATAGAAC"
"924","GTACAATAGG"
"925","TAAGCTGGTG"
"926","AATTAGCTAA"
"927","TTGCAGGTGT"
"928","GAATAGGGCA"
"929","GCTAATTACA"
"930","GCGGCCATGA"
"931","GTCGCCATAT"
"932","GCGCTAACGC"
"933","CGGTGGATTC"
"934","CATGCAAAGG"
"935","GATATCGCGT"
"936","TAATGGCAGC"
"937","AGGTGGCAGT"
"938","TAGCAAGCCA"
"939","GGGCTATTTA"
"940","GAACTAACGG"
"941","CCCGTTAGGT"
"942","CGCTTAGCAA"
"943","TTGCTAAGTG"
"944","ACTCCAGAGC"
"945","CCGCAGTTAT"
"946","GCGTATTAGT"
"947","CTAAGAATTC"
"948","ATAAAGCTAA"
"949","TACAAGGCTA"
"950","AGCAGCAGTT"
"951","GGTTGCATTA"
"952","GGCAGCTGTG"
"953","AAGTCGCAAG"
"954","TCGATGATTT"
"955","AACTAGATTG"
"956","AAAGTATTCC"
"957","AATAAGCACT"
"958","CCCATGCGTA"
"959","AGCAATAATC"
"960","CTGTATTCAC"
"961","ATGCATGACC"
"962","GAGCTACTCA"
"963","TGACAGGCTA"
"964","GGATTCGATA"
"965","TACAAGTCAG"
"966","GCGCAATAAC"
"967","TCAGGTTCGA"
"968","GAAGCGCTTC"
"969","CCAGGTAAGC"
"970","AATTGCGATC"
"971","ATGCCAGTAG"
"972","GATAATCAAA"
"973","AACCGGCTGC"
"974","ATAGATGACT"
"975","TCCTATGCTA"
"976","TCGCATGCTA"
"977","GATTAGTTAC"
"978","AAATGCACAT"
"979","TCCATGCTGG"
"980","AACTGGCGCG"
"981","GATGATACAG"
"982","GAATAACTCG"
"983","ATCGCAAGGC"
"984","GAAAGCCAGT"
"985","GATCGCACTT"
"986","GGCAATACTT"
"987","CTGGCAAGAT"
"988","CTAGATAGCA"
"989","GTGGCTAGTT"
"990","GTAGCTTTGG"
"991","CACTTTGCTT"
"992","CGTAGCACTA"
"993","AGGAGTTACG"
"994","GGTTGCATTA"
"995","GGTTGCACCC"
"996","TTGCGATTGG"
"997","TGCCGCAGGA"
"998","GGAGGCTAGC"
"999","ACGCAATGGC"
"1000","TACGAGCATT"
"1001","CCCGTTAGAA"
"1002","TCGAAGCTCG"
"1003","GTTACGCCAG"
"1004","GATTCGGTAG"
"1005","TTCGGCATAC"
"1006","TATCCAGAGC"
"1007","CGTGCGTATT"
"1008","CCATCGCATA"
"1009","ATGCTTGCAC"
"1010","CTGAGCTGCA"
"1011","CGCTAGCGCA"
"1012","GTGCGGCCAT"
"1013","CTTGAAATAC"
"1014","CGATGATGGG"
"1015","CATAGCTAGC"
"1016","CCTAGCCAGC"
"1017","AAAGGCTGTG"
"1018","GGTTGCAACG"
"1019","AGATCAAGCT"
"1020","GAATAATCAG"
"1021","GTAGTGCTTT"
"1022","CTATCGCATA"
"1023","GCAAGTTGAC"
"1024","GCTTTGCACT"
"1025","TGCGTATTAA"
"1026","TCGCGTAAAC"
"1027","TGGAGCATGT"
"1028","TAATTAGCGC"
"1029","GCCTAACGAG"
"1030","CAACGATAGA"
"1031","GTATGCAGGT"
"1032","ATCGATGCAT"
"1033","GCAGCTCGCA"
"1034","GCCTGCGCAG"
"1035","CCATTAAGCG"
"1036","TTGCAAATCC"
"1037","CTCGCTCAAG"
"1038","TTAACAGCCA"
"1039","GATATTCGCT"
"1040","AACTGCTGGT"
"1041","GTGCTTACGC"
"1042","TTCACTTGTA"
"1043","ATCAAGCCTA"
"1044","ACGGCTGCCT"
"1045","TGGAGGTGCC"
"1046","TGTGAAACTA"
"1047","CGTTCGGCCA"
"1048","GGATGAGCTG"
"1049","CTGTAACCAC"
"1050","AGAATGCGGG"
"1051","GGTATTCAGC"
"1052","GAGGCGTAAC"
"1053","AGCCTGGCAC"
"1054","AGGGCAATGT"
"1055","GGTGCAAAGA"
"1056","CGTAAGCCCA"
"1057","GAAATCATCG"
"1058","CATATTGACG"
"1059","AGCGCAGTTA"
"1060","CTCGCCAGTA"
"1061","AGTACGGGCC"
"1062","AGATGCAATC"
"1063","TACTGAAAGT"
"1064","CCAGGTTGGG"
"1065","ACTAATGCGT"
"1066","AGCGATTAGG"
"1067","GCGAATCAAG"
"1068","GTGGCTTTCA"
"1069","GACGATATAG"
"1070","TGGCAAGTTA"
"1071","ATGCTGATGC"
"1072","CCTTGCACTT"
"1073","TCGGTATCAC"
"1074","CTATGAAACT"
"1075","CACGCTACTG"
"1076","TACCCGTGTT"
"1077","ATGCAAATGC"
"1078","GAGCGATGCG"
"1079","CTGCATGAGA"
"1080","TTTGAAGCTC"
"1081","GGCTGCCGCA"
"1082","CTTCAGGTAG"
"1083","CAGTACGGGT"
"1084","AGCATGCGCT"
"1085","CTAGGATTAG"
"1086","GCAACTGCTT"
"1087","GCTTTACGAA"
"1088","ACTACTGGCG"
"1089","TGGCGCACTT"
"1090","AATAAGGCAC"
"1091","AGCTGCAGAC"
"1092","ACTTTGGAAG"
"1093","CCGATTGAAT"
"1094","GGCGCGTATA"
"1095","AATTGCTGTT"
"1096","GCTACTCAAG"
"1097","ATCAGTGCCA"
"1098","ATGAGTACGA"
"1099","TAGATGTAGC"
"1100","TTGAATAATC"
"1101","AGGCGTTGTA"
"1102","GGCAAGTGGC"
"1103","GGGTACTATA"
"1104","GCCATTTCCT"
"1105","GCGAGCTTCA"
"1106","ATACGAGCGG"
"1107","TAAGCAACGA"
"1108","ACCATTGGTC"
"1109","AGGCCTTGCC"
"1110","GATGACGGCG"
"1111","TTGCCATATT"
"1112","CGTATTCAGT"
"1113","GATTGCTAGC"
"1114","CCTATGCCAG"
"1115","TGGAAGCTGA"
"1116","TAAGCGTACG"
"1117","AAACATGCGA"
"1118","GCGTTGGCCA"
"1119","GAAGTCGCGG"
"1120","AGGCATACGA"
"1121","CGCTGAAAGA"
"1122","GATGGCTATT"
"1123","AAATCAAGCA"
"1124","AAATGTAACT"
"1125","ATTAGTTACT"
"1126","CGATGGCTTT"
"1127","GCGCATCGGG"
"1128","CCGGCAAGAT"
"1129","TAATCGCAAT"
"1130","AGTTGATACG"
"1131","CTGAAAGCTA"
"1132","GTCCATTGGC"
"1133","CTGAACGCTG"
"1134","TGGCAATGGC"
"1135","AGCGCTAAGC"
"1136","CGTAACTACT"
"1137","CGCTGCCATC"
"1138","CGGCAATGGC"
"1139","ATTGCTGTTT"
"1140","GTACTAACTT"
"1141","CGGCCATAGC"
"1142","ATAGCAGCCT"
"1143","TGCATAAATC"
"1144","ATGAAATCGA"
"1145","GTGTGCGTAT"
"1146","GTTGGCGTAT"
"1147","CTGCAGCAGA"
"1148","CGAGCAATCG"
"1149","TCAAATGTGA"
"1150","AATGTGCAAG"
"1151","CAAGTTAGCA"
"1152","GGCTAGGTTG"
"1153","GCATGAAACT"
"1154","ACTAAGCATT"
"1155","TGGAGCTCCA"
"1156","TGAGCGCGCA"
"1157","CCGGCATAAA"
"1158","TCGCAGGAAT"
"1159","CTCAGGTATT"
"1160","CAGGTGTTAG"
"1161","GCAAGCATGA"
"1162","AGACAATGGA"
"1163","TGCAAAGGCT"
"1164","GATAACCGAT"
"1165","AGTTACCACG"
"1166","TGGATCGATT"
"1167","CATCGTACAG"
"1168","GCGCTGCGAC"
"1169","CGCAATCATC"
"1170","CTATTCGCCG"
"1171","TTAACAATGT"
"1172","CTTGCACAAA"
"1173","CATGCTGTAT"
"1174","GCCTGTACAG"
"1175","AGCGGCAGCT"
"1176","AAGCTACTGA"
"1177","GAGCTGCCGC"
"1178","GATACAGCTC"
"1179","GCGATTAGAC"
"1180","GATATTGCAA"
"1181","ATTTACGCAG"
"1182","GCTTATCCAG"
"1183","ACATCGCGAT"
"1184","ATGGATACCT"
"1185","CGAGAATTGC"
"1186","AATGCACCCG"
"1187","AGCAATGCTG"
"1188","TGGCAGCAGA"
"1189","CATACGCTAG"
"1190","ACTATGCCAT"
"1191","TACTAAAGGC"
"1192","TTTGCATTGA"
"1193","CATGGTGCCC"
"1194","AGCCAAAGTA"
"1195","CGCTTGCCAA"
"1196","AAGCTAGGAG"
"1197","TGCATTGACG"
"1198","CAAGTGCGTA"
"1199","CAAAGAATTC"
"1200","CAGGATTCAG"
"1201","CTGATGCCGG"
"1202","ATCATAGAAA"
"1203","AGTTGGTCAA"
"1204","GCGTAGCTTG"
"1205","TGCTCATCCC"
"1206","ACCGTTACGA"
"1207","TCGATTATTG"
"1208","CTGAGCCCAC"
"1209","TGGCAGCTAT"
"1210","ATTTGCTTAT"
"1211","GAAATGGACA"
"1212","AAATCGGCTC"
"1213","TGCGCTAGGG"
"1214","GGCGCTAAAC"
"1215","GCGTATTTGT"
"1216","GCTTAGCAGA"
"1217","ATTTGCTAAG"
"1218","AGGCTAATTA"
"1219","TGCATGCGGC"
"1220","ATTCAATGGA"
"1221","CTTGCAATCA"
"1222","GTAATTAAGC"
"1223","GGAGCTAGGG"
"1224","TCAGGTTGGG"
"1225","TTAGATATCG"
"1226","CGGTGGATTG"
"1227","TGAACGAACC"
"1228","ATTAGCTTAA"
"1229","TCCATGCGTA"
"1230","GCCTGTTTGA"
"1231","TAAGATGGCA"
"1232","ATCAAGCCTG"
"1233","ATGAATTCAA"
"1234","CAGGATTAGT"
"1235","TGCAGGTGTG"
"1236","CTGGATGGTT"
"1237","CAACTGGCCA"
"1238","ATTAAGGTTC"
"1239","TTACTGGCGC"
"1240","TAGTGGCATA"
"1241","GAGCTTACTG"
"1242","CCGATGGCGT"
"1243","GAATCAAGCG"
"1244","GACGATAACT"
"1245","CAGGCGTGCG"
"1246","CTATTTATAG"
"1247","AATTAGCACA"
"1248","AAGCTAGGAC"
"1249","ACTTGTCGCC"
"1250","CTGAAATCAG"
"1251","CATAGCCCAC"
"1252","CGGAGCTGTT"
"1253","GATTCAGCCC"
"1254","CGTTAGGCTT"
"1255","TAAACATTGA"
"1256","AGCCTAATGG"
"1257","TAAACAGTTC"
"1258","GTATTAGGGC"
"1259","TCGATGGCCG"
"1260","TTGAAGCCCA"
"1261","GTAACCATAC"
"1262","CGTATTCGCA"
"1263","CCTTGCTATT"
"1264","CGAATCATAC"
"1265","GCTAGTGGCT"
"1266","AAGTGCGGGT"
"1267","CGCGGTATTC"
"1268","GATCCCACTT"
"1269","CATGGCACAT"
"1270","CTAGGTTGAT"
"1271","GGTGGCAGGG"
"1272","ATTGCTATTT"
"1273","CGCCATCGAC"
"1274","TGTTGCTATC"
"1275","CGCAGCTTTC"
"1276","GCGTACGCCA"
"1277","CACGTGTTAG"
"1278","AAGCACTACT"
"1279","GGTTGAACAA"
"1280","CGGTGGCGAA"
"1281","AAATAACCGC"
"1282","ATCATCGCGG"
"1283","AAATAAGCAA"
"1284","AGTACGTTCG"
"1285","TCCAGGCGTT"
"1286","TATAGCTGAA"
"1287","GTGTGCTGAA"
"1288","ACGACAAATG"
"1289","GATAATCAAA"
"1290","GGCGTATACG"
"1291","TACGCAGGAC"
"1292","TGCAGGCATT"
"1293","AGTACGGCCG"
"1294","TGCGCAAGGC"
"1295","AAACTGGTGG"
"1296","AGCGTAATTT"
"1297","GTGTAACCAC"
"1298","GAGCTGTATT"
"1299","TAGCTGCGCC"
"1300","ATGCACCCGT"
"1301","CATGAATAAC"
"1302","GATGTAAAGC"
"1303","ACATAGTGCC"
"1304","ACGCGGTGTG"
"1305","CAGACAATAA"
"1306","AATGGCTAGT"
"1307","GCAGCCTCGC"
"1308","TGCAGCAAGT"
"1309","TGAGTACGAA"
"1310","GACAAAGAAT"
"1311","AAAGGCTAAA"
"1312","GGGCTAACTT"
"1313","GCGTAAGCTC"
"1314","GACTGCTGAC"
"1315","TCAGCAATAT"
"1316","GGTGTAGACA"
"1317","TCACAGCAGT"
"1318","AGAAGCTTCG"
"1319","TTGCACCAGG"
"1320","ATCAGCGATT"
"1321","AAGGGCGTTC"
"1322","GGATTAGGCG"
"1323","TCATGTGCGT"
"1324","TAATCAAGCT"
"1325","AACAGCGTTA"
"1326","TAAGGTTACA"
"1327","GTTAGGCCTT"
"1328","TTCAGGCCAC"
"1329","ATGAACGGCT"
"1330","GTAACTGAGG"
"1331","CGGCTAAAGA"
"1332","TTATAGCCAC"
"1333","GCATACGCCC"
"1334","ATGCTTCAGC"
"1335","AAGCGCATGC"
"1336","TCCACTTGTC"
"1337","GAGTACCACC"
"1338","TAGATTAGGC"
"1339","TGATGCTATG"
"1340","TTGCTTTATG"
"1341","TAAGGCTGCA"
"1342","AAGGTTACGA"
"1343","CGTTACCACG"
"1344","ATGCCATGTG"
"1345","TATACGCTAT"
"1346","GAGCTAATTA"
"1347","AGAACGACGT"
"1348","CGCATCATAA"
"1349","ATATAGCTCG"
"1350","GCTATGGCCG"
"1351","GCTGCCTGAA"
"1352","GCGTAAGCAA"
"1353","CACCGCATCC"
"1354","TACAGTTACA"
"1355","GTGCTAGTGG"
"1356","CGCAAGTTAT"
"1357","CGCTTGGATC"
"1358","TATAGGGCGA"
"1359","AGTATTCCAA"
"1360","CAAATGCGAA"
"1361","GGGTGTGCAT"
"1362","TTCGATAGAA"
"1363","ATGTTAGCGC"
"1364","GTGAGCGGCA"
"1365","GCTGAAACTG"
"1366","AACACCAGGT"
"1367","TCAAATATTG"
"1368","AATTCAGCGC"
"1369","TGCGCATCCC"
"1370","TTGAAAGCCT"
"1371","TGAGCGAGCT"
"1372","TGAGCTTTGC"
"1373","GAAGGTTGGC"
"1374","GCGCATGAGA"
"1375","GTGGATTACA"
"1376","GACCGCTTCG"
"1377","CAATAGCAAG"
"1378","GTGGCAATGG"
"1379","ATGCGCTTGT"
"1380","TCATACTAGC"
"1381","GGCAATGCGA"
"1382","CTCGCTTACA"
"1383","CATGGATCGT"
"1384","GCATTCAGGC"
"1385","CTTGGCTTAA"
"1386","GTTGACGGAA"
"1387","TGAGTACGCC"
"1388","TGAACGAAAT"
"1389","ACGCATTGCT"
"1390","GTCATGTGGG"
"1391","GAAGGCTTTA"
"1392","CCGCAACGAT"
"1393","AGAGCAGAGT"
"1394","CTAAAGGCTG"
"1395","TCGCCGAATC"
"1396","GAGCTTGTTA"
"1397","GGGAATCGCA"
"1398","CACGGGCTAT"
"1399","AATCGCTCAG"
"1400","TCCATGGTGC"
"1401","CATCGGGTTG"
"1402","ACTGGCCATA"
"1403","TAGTTAAGGC"
"1404","AAGCATGCCC"
"1405","GCGGGTTAAA"
"1406","CTACGCTTGC"
"1407","TTAGATAGAC"
"1408","GCGTAATTTG"
"1409","GCCATAGAAC"
"1410","GTCAGCTGTG"
"1411","ATACTATCGT"
"1412","TGTACGCTAG"
"1413","TAATAGCCGT"
"1414","TCAGTATTAG"
"1415","TGAGCTACTC"
"1416","ACTGGCCGTT"
"1417","CCGAATACTC"
"1418","GTAAGATCCC"
"1419","GCAGTGCTAA"
"1420","GCTTGGATTC"
"1421","CTGGATTCGG"
"1422","GAACGTGTCG"
"1423","TTACGCATTC"
"1424","TTATGGCACA"
"1425","CGTTTGCTAA"
"1426","CATGCGTAAA"
"1427","ATCATATTGG"
"1428","CTGGCGATAA"
"1429","GCAGCCACAT"
"1430","AACGCAGTAT"
"1431","CTATGATTAT"
"1432","GCATCGAGCT"
"1433","ATGGCAAGCC"
"1434","CGAATGCGAT"
"1435","CAACGCGATT"
"1436","TCACTGCCAT"
"1437","TGTATTGGCT"
"1438","CTCAAAGAGC"
"1439","TGTGGCGCAC"
"1440","TGTTAGCAGC"
"1441","TGAACTGAAC"
"1442","GATCGTACAG"
"1443","TACAGCAATA"
"1444","CCTAGCGCTA"
"1445","GGCTCAGGTT"
"1446","GGGTATGCAA"
"1447","TGATGCAATA"
"1448","AAATCAGCTT"
"1449","GCGGCTAGGA"
"1450","AACATGATGT"
"1451","CAGTGCATAT"
"1452","GTATGCTGGT"
"1453","TAATCGATAG"
"1454","CAGAGGCGTT"
"1455","TGTCGCGACG"
"1456","GTGCGACGAA"
"1457","CTGAAATACA"
"1458","CACGCAGTAC"
"1459","ACAAAGAGTA"
"1460","GCTGTGGCAG"
"1461","ACCGAATACT"
"1462","AGGGTACTGG"
"1463","AGAGCGGCTG"
"1464","GCGCGCATAC"
"1465","AGCTTATGGG"
"1466","TAACCCGTGT"
"1467","ACAAGCATTC"
"1468","CATCGCAGAC"
"1469","TCAGGTAAGT"
"1470","ACTTAGCGTA"
"1471","CTCATCGCGG"
"1472","CATGATAGGT"
"1473","GCTGTGGATC"
"1474","ATGAACGCGA"
"1475","GTATCAAGCA"
"1476","TACAGCGATT"
"1477","CCAGTGCCAG"
"1478","CCATTACTTG"
"1479","TGGGTTGAAC"
"1480","TCAGATTCGG"
"1481","CGCTACAAGT"
"1482","CGGCTGAACA"
"1483","GTAAAGGCTC"
"1484","GCGAGGCTAG"
"1485","GGCGATTTGC"
"1486","GGCGTTAGAA"
"1487","CTACGCCAGT"
"1488","TTGTACGCCG"
"1489","TTCCGAGCGA"
"1490","TGTGAAATGC"
"1491","GATACTCCAG"
"1492","ATATAGGTTC"
"1493","TTCATGCCGA"
"1494","TCGGCAAGTT"
"1495","ACATGATGAT"
"1496","GGCAGTTCGC"
"1497","GAGCGCGCAT"
"1498","ACTGTGGAAT"
"1499","CGAGGCGTGG"
"1500","AACCGATGGA"
"1501","CGCAGCTATC"
"1502","CGTAACTAGA"
"1503","CACTAAGCGA"
"1504","TTATCCAGAA"
"1505","GCGCGCTACA"
"1506","CCACTGCAGG"
"1507","CTAACTGGCG"
"1508","ATAGCTGGTG"
"1509","CGCGATGGAC"
"1510","CAAGCGAGTG"
"1511","GCATGATGCA"
"1512","GGCAAGCGAT"
"1513","CGTTAACTAG"
"1514","AAATGGCAAG"
"1515","AATAAGCCAC"
"1516","TAGGTTGGGC"
"1517","GATACTAAAC"
"1518","CTGCAGCCGT"
"1519","ACGGGTTAAC"
"1520","TTAATGCTGA"
"1521","GATGGGCTTT"
"1522","TACAGTTCGC"
"1523","AGTAGGTTCG"
"1524","ATACTTGGTC"
"1525","GCAAATTTAG"
"1526","CTAGCCAGAG"
"1527","CATCGGCATT"
"1528","GGCTATGCGC"
"1529","CTTTATGTGA"
"1530","CGTGCAAATA"
"1531","ATTCGATAGT"
"1532","CCCTCATCGA"
"1533","GGTATTCACT"
"1534","GCATGCATGA"
"1535","TAACGCTTGA"
"1536","CAGGCATAAA"
"1537","TGGTATGCTG"
"1538","ATAGCTTGTT"
"1539","CGGTGGCAAG"
"1540","TTGCAGGATT"
"1541","TGCGCAAGGT"
"1542","TCAAGGCAGC"
"1543","GGTTGAATAC"
"1544","ATGCAATGTC"
"1545","TGGAATCAAT"
"1546","CCTGAATAAC"
"1547","TCCGCCAGAA"
"1548","ACGGATTAGA"
"1549","CTGGTGCCAA"
"1550","CTGCTATCCT"
"1551","ACAGTTATGT"
"1552","AGGCTTAAAG"
"1553","CATTGCGATC"
"1554","GTAACTGCCG"
"1555","CTCCAGGCCT"
"1556","CGCTGCCATC"
"1557","TGTACTAGCC"
"1558","ATACGCATTA"
"1559","GCATGAAAGC"
"1560","AGTATTCAAT"
"1561","AATTGCAATC"
"1562","GTAAGCGATT"
"1563","TTGGCGCTCA"
"1564","TGTTCGCCAT"
"1565","AAGGCTTAGA"
"1566","AGATGCGCTC"
"1567","GTTAAGGTTC"
"1568","CGCGATAGCA"
"1569","GGCAGTTATG"
"1570","TAACATTGCA"
"1571","ATGATAACTA"
"1572","CGCATGAGAG"
"1573","CTGCGTACGA"
"1574","ACTTACGCCG"
"1575","CGATTTGGAT"
"1576","CTTACTTTGG"
"1577","ACCAGCCTCG"
"1578","ATTGCAATCG"
"1579","CCGAGCAGTT"
"1580","AGAGTACGGC"
"1581","AGGATTGCAG"
"1582","CACGCATACC"
"1583","ATTCATGTAG"
"1584","AATTGATACT"
"1585","GGCACTAAGT"
"1586","CCGTATTGTT"
"1587","TTAATGCAGC"
"1588","CGCTATTTGC"
"1589","TGTTAGCGAG"
"1590","GTCCATTACT"
"1591","GCATGCGTCA"
"1592","ACATGGTGCC"
"1593","TGGGCTTTAA"
"1594","CAGGATTAGT"
"1595","GGCCGCCATA"
"1596","CCAGGCTATG"
"1597","GTTAACATGC"
"1598","CTAGCGCTTT"
"1599","GGAGGGCCGT"
"1600","GAATGCTGTT"
"1601","AGCGCGTTTA"
"1602","TCATTCGATG"
"1603","CCATGAGTAT"
"1604","AGTACGGGCT"
"1605","TTATCGCTCG"
"1606","CCCATGCAAT"
"1607","ACAGCTAATC"
"1608","CTTAGGCCTA"
"1609","CTTGTAGCTT"
"1610","TGAAAGAGCA"
"1611","CAGCGCTCAG"
"1612","CGTGCATGTC"
"1613","TAGTTAACCG"
"1614","GTCGCAACAA"
"1615","CAGCCGAATC"
"1616","GTGAGCTTTA"
"1617","ATCGCGTAAG"
"1618","AGGTAAGCGA"
"1619","ACTACGGGCA"
"1620","ACCATTTAGA"
"1621","ACTGCAACAC"
"1622","CTGTTCGATT"
"1623","AAAGCACTAG"
"1624","AAATGGCGAC"
"1625","AAAGCAATCG"
"1626","AGAATAAACA"
"1627","GCTCAAATGA"
"1628","GTCGCACGAT"
"1629","GGATTACTTC"
"1630","CTCAAACTAG"
"1631","GGTTACGCCA"
"1632","GGCTAAAGAG"
"1633","ACCATCGAGA"
"1634","ATAAAGCAGA"
"1635","GCAATTGCCC"
"1636","ACTGCTTTAT"
"1637","GGTTGGCCAT"
"1638","GCCGATTGGC"
"1639","CGCAGTACGT"
"1640","CATATCAGTC"
"1641","TAGTGCCATG"
"1642","ACGTAGATAG"
"1643","AGTGCGGGTG"
"1644","GAAACAGATT"
"1645","TAAGGCACAA"
"1646","ATTGCTTATT"
"1647","TGGGTTGAGC"
"1648","CAGCTAGCCA"
"1649","TCGCTTTAGC"
"1650","GTCCATGACT"
"1651","GCAGTTCGAT"
"1652","TGTGCAACGA"
"1653","CGCCATGTAA"
"1654","GCTATGCTTA"
"1655","AGCAGTAGTA"
"1656","ATAGAACCAT"
"1657","CATCATGCAA"
"1658","CGAGGCGTAC"
"1659","ATTGCAACAC"
"1660","AATAGATACG"
"1661","GCTTATAGGG"
"1662","CATGATACCT"
"1663","ATAAATTTGC"
"1664","ACAATAAAGC"
"1665","TGGCCGCAGT"
"1666","GCCTAATATT"
"1667","CAAAGAATAT"
"1668","GCGTAGATCA"
"1669","CTGTACGCCA"
"1670","GTACGCTAAC"
"1671","GTCGCATGCC"
"1672","TGGAGCAAAG"
"1673","TTTACGCTAC"
"1674","TTAGCTGGTC"
"1675","AAATGCTACT"
"1676","GTAAGCGTGT"
"1677","GTTGATAGCG"
"1678","TAGCTGAATT"
"1679","ATTGCAGGTA"
"1680","GAGTATTCGA"
"1681","GGCTTATTTA"
"1682","AACTAGCCCA"
"1683","ATTAGCGATT"
"1684","TACGAATCAA"
"1685","GGATATAGGC"
"1686","CCAATCATGC"
"1687","CGTAGATTGT"
"1688","CGGTACTAAG"
"1689","GCCTTATGTG"
"1690","ACAAATGATG"
"1691","TCGGCATCGT"
"1692","AATAGCAGTT"
"1693","AACTGCTTAC"
"1694","GAACGCATGC"
"1695","CTGTACAGCA"
"1696","ATGCAGGCAG"
"1697","AGATAGCCCA"
"1698","AAGAGCAGTA"
"1699","ATCGGCAAGG"
"1700","TTGCAGCCAC"
"1701","CCGCAGTAGG"
"1702","TTTGCAGGTA"
"1703","TCACTTGTGT"
"1704","CGCCATGCAT"
"1705","ATGCATGCTA"
"1706","AAATGGCACT"
"1707","CGGCAGGCTA"
"1708","GGGCTAGGAG"
"1709","ATTTAATCGA"
"1710","TAATGCTAGC"
"1711","CTAAGCAGAT"
"1712","TAAAGAGCAC"
"1713","GTACAGCCCA"
"1714","CTTACGCAGA"
"1715","CATACTTGTG"
"1716","CGGCGTTACG"
"1717","CCAGGTGTCG"
"1718","TCGATGCGTC"
"1719","TATCAAAGAA"
"1720","ATAGATTGCC"
"1721","TCAGTCGCAA"
"1722","GGTATTCATA"
"1723","GTCAGCCAAA"
"1724","ACTGATGGGC"
"1725","CGCGTGCAAA"
"1726","AGGAGTGCAT"
"1727","TAAATACTGG"
"1728","CTAACGCGAC"
"1729","CGTAGCTAGC"
"1730","GCACGGGCAT"
"1731","GATACTTGGA"
"1732","GAAATGAGGC"
"1733","TAGCGCATAT"
"1734","CGTGCTAACG"
"1735","GCTTTAGCGT"
"1736","GCGCTAACGA"
"1737","ACTACGCCCT"
"1738","ACGTGCTAGT"
"1739","AGCCTTATGT"
"1740","CTACGCCCTT"
"1741","ATGAGCGAGG"
"1742","ATGTTAGGCT"
"1743","TGCCATGGCT"
"1744","TTCCCACTGC"
"1745","CAAGATGTGG"
"1746","CGATAGCTGT"
"1747","GTGGGCTATT"
"1748","ACAATACAAG"
"1749","CACGACAATA"
"1750","AAGCAAATTT"
"1751","TTTGAAACAT"
"1752","TTAGGCGTTC"
"1753","AGCTAGCCGA"
"1754","CGAAATACTT"
"1755","AATACAATCG"
"1756","GTAAGAGCGG"
"1757","AAACAATGAT"
"1758","TAGCAACGAA"
"1759","CGCGGTAGGT"
"1760","TCCGAGCTAG"
"1761","TTAGAACGTT"
"1762","GATGCAGGGA"
"1763","AGGTGCTGAA"
"1764","CCGAGCGAGT"
"1765","GGCAAGTCCT"
"1766","CCGTAGAAAT"
"1767","GCAGGTGCAA"
"1768","CTGATGCACC"
"1769","CAGTACCAGC"
"1770","CACAGCCTTG"
"1771","GAAGATGGGC"
"1772","GCGGCGTATC"
"1773","GTAAAGCATC"
"1774","CAAGCATCAG"
"1775","GTCGGATATT"
"1776","ACGCGGTTTA"
"1777","GCGATGCACG"
"1778","GCGAACAATA"
"1779","ACCCAGTTCG"
"1780","CGGCCATTCC"
"1781","TAGATTGCTC"
"1782","GGAAATGGCC"
"1783","TTAGCAAAGT"
"1784","TAATGCACCT"
"1785","CTATTGCTCA"
"1786","TATGGTTGCA"
"1787","CTTCAGCCTG"
"1788","TGGATCGCAG"
"1789","TCAAGCCTCC"
"1790","CCGGATTGAA"
"1791","AGCATTGGTA"
"1792","ATGGCAACTC"
"1793","CGTGCATATG"
"1794","ACTATCAGTA"
"1795","GCCATAGAAA"
"1796","AGAAATGCGC"
"1797","AATCGAGGCC"
"1798","ATAACTTGTG"
"1799","AAGCGTGCTC"
"1800","ATTGCTAACG"
"1801","CAGCTTGACT"
"1802","TCAAACTAGA"
"1803","CGGCTGCATG"
"1804","ATGACGGCCA"
"1805","ACCGCACTCA"
"1806","ATCGCTACAC"
"1807","AGGCTCCAGA"
"1808","AGAATAAGCC"
"1809","TGTTAGCTCG"
"1810","TGTTGCAGAG"
"1811","AGGCTACGCT"
"1812","CATTCGGCTC"
"1813","GAGGAAATAC"
"1814","ACTAAGCTAG"
"1815","ACTGGTGGTT"
"1816","CAACTGGTTC"
"1817","TGTGCGACAC"
"1818","CAGCAGATTG"
"1819","AAGATGCCGA"
"1820","TCGCTTGTAG"
"1821","GGCGGCTCAA"
"1822","CTGGTTACTC"
"1823","CAGTATTTAA"
"1824","GTCGCGTACG"
"1825","AGCCCAGTTC"
"1826","AATGCGCTCA"
"1827","ACGAGCGCTA"
"1828","CGTTGGTATG"
"1829","ACTAAGCATT"
"1830","ATAGCGGCAC"
"1831","TGCATGCATG"
"1832","CGTTGTACTA"
"1833","TCATACGCCA"
"1834","GAGCACATTT"
"1835","TGAAGGGTAC"
"1836","GAGTGCCTGT"
"1837","GACAATAGAT"
"1838","TATGCGTTAA"
"1839","TAGTGCTCGC"
"1840","ATATCCTATG"
"1841","AGGGCAATCA"
"1842","GACTATGCTG"
"1843","CTAGCAGGCT"
"1844","CTATGCTGTG"
"1845","CGTTTGCATA"
"1846","GCGATGATTA"
"1847","CCTGAAAGCC"
"1848","CAGCGGCTCC"
"1849","GTGGCGCGAC"
"1850","GTATGCTAAC"
"1851","TTTGTACGTT"
"1852","CGTATTTGTG"
"1853","GCATATGAGA"
"1854","TGTAACCGCA"
"1855","TGAAACTAGC"
"1856","TGGTTGCTAA"
"1857","TGGCTAATGG"
"1858","TGGAAGCGAT"
"1859","CCTTGCATTG"
"1860","AGGCTGAACT"
"1861","GCAAGTCAAC"
"1862","TGCAGCAAAT"
"1863","TGCACAAAGT"
"1864","GGCGTAATCC"
"1865","TACTGGCGAT"
"1866","GGACTGCTGG"
"1867","TGGAAGCTAT"
"1868","GCTGGATACG"
"1869","GTATTAGGCT"
"1870","ACGCGGTACT"
"1871","GCGCAGGCTG"
"1872","CCTGTATTCG"
"1873","ATAAGGAATC"
"1874","CTATGAATAG"
"1875","TCATAACTTG"
"1876","GTGAAATGCT"
"1877","GCGTTACTTT"
"1878","CGTGCGGATA"
"1879","TAAATCATGT"
"1880","ATCAGCCCAC"
"1881","AGCATATGAT"
"1882","AGGCTAGTGT"
"1883","CATTCAGTTT"
"1884","AATGATACAC"
"1885","AATGGCAGTA"
"1886","ACTGCTTAAT"
"1887","TGAAGCCTTA"
"1888","AGGGTAAGCG"
"1889","GTGATTCACT"
"1890","AGCAACTACT"
"1891","GGCGTAATTC"
"1892","TACTAGATAT"
"1893","TCGCATACTG"
"1894","AACGCCATGT"
"1895","CATGCAAAGT"
"1896","AGCTATTAGA"
"1897","CGTATTGTTA"
"1898","AGATTGACTC"
"1899","GAACTGAGCC"
"1900","CTTAGCTAGT"
"1901","CTAGAAAGAC"
"1902","AGTACGGGCT"
"1903","TAGCGGCAAC"
"1904","TGTAACCTTG"
"1905","GGCCTTAGCG"
"1906","TGTTGATACA"
"1907","GCTCGCTTAC"
"1908","AACTTGGAAG"
"1909","GGTTAAGCCG"
"1910","GTGAGCTGTG"
"1911","AGAACAATGA"
"1912","TTAGTTAAGC"
"1913","CCATCGACAA"
"1914","TAGGCCGCCA"
"1915","GGCGGCTATA"
"1916","TTAGCGCTGC"
"1917","CGGATTGGTA"
"1918","GCATTAATTT"
"1919","CGCGTCGCAT"
"1920","CATTAGCGCT"
"1921","GTGCGTTAGC"
"1922","CATTAAGCCA"
"1923","CCCATGATAC"
"1924","TCATCGCGAT"
"1925","GCCTGCAGCA"
"1926","GTGGCGATTT"
"1927","GCTTGCTGAC"
"1928","TGGAATCAAT"
"1929","AGATATCGCG"
"1930","ACCGATTGGT"
"1931","CCATGCATGC"
"1932","AGCCGATGCG"
"1933","TGAGTACGGT"
"1934","AATTGCTAGG"
"1935","ACTTGGTTGT"
"1936","TGGCGCTCAT"
"1937","CGTAGAGCGG"
"1938","AAACTGCGCC"
"1939","GTACTAAATA"
"1940","GGTGATACTG"
"1941","CTTAGCTACT"
"1942","CGAACTGGTG"
"1943","TGTTTAATCC"
"1944","CGTGATTTGT"
"1945","ATCGATTACA"
"1946","ATGCTCAGGC"
"1947","CTAGATGCGC"
"1948","GAAAGTACCA"
"1949","AAGCCTGCAC"
"1950","AGATGCTTTG"
"1951","TACCAGGAAT"
"1952","GCTCCAGAGC"
"1953","TGTGGATCCA"
"1954","CCACTAGCCG"
"1955","ATAGCAGCCG"
"1956","ACAGTTACGC"
"1957","GCAATATGAC"
"1958","TACCGGCGTG"
"1959","TGTGCGTTTA"
"1960","ATCAGCTACA"
"1961","TAGATTGCTG"
"1962","ACTGCATAAC"
"1963","GGCTCATCGA"
"1964","TCAGTTAAGC"
"1965","GCTATTGCAG"
"1966","ACAAATGTTG"
"1967","TTGCCATGAA"
"1968","TTGTAGGCCT"
"1969","GGCTAACTGG"
"1970","TGTTGCACAA"
"1971","CGCGGGCATA"
"1972","CTGCGCTGAT"
"1973","GCCATCGGCT"
"1974","GGCTAGAACC"
"1975","TAGCAATGCC"
"1976","ATGGATTGAC"
"1977","CCATGGCGTA"
"1978","TCATTTATGG"
"1979","CAGCTTGTCC"
"1980","GATGACTATA"
"1981","ATTTGCGATG"
"1982","TAGAACCACC"
"1983","TATGCTACGC"
"1984","TTGCTTAGAC"
"1985","TTCCGAGCGC"
"1986","AGGAGCATCC"
"1987","TTGTGCTGAT"
"1988","AACAATGGCG"
"1989","GAGCTAACGA"
"1990","GCGCAATGCT"
"1991","GGTAAACATT"
"1992","TAACGCATGA"
"1993","CCTAGCCAGT"
"1994","AAAGCAAAGT"
"1995","AGAACGTGCA"
"1996","CAATCGCGCA"
"1997","GAATAGCTAT"
"1998","CGCAGTAGCT"
"1999","ATAGGCTAGT"
"2000","ATTTGGATAC"
"2001","CGGGTTAGCA"
"2002","CTGCTTGCAC"
"2003","CAGGCTATTG"
"2004","AGCGCATGAG"
"2005","CGAAGCATTA"
"2006","GTCAACTTGG"
"2007","TGATAGCTGG"
"2008","TTGTGCGGCA"
"2009","TACTGATCCC"
"2010","CACGATAGAA"
"2011","CAATTGAATT"
"2012","ATCATCGAGC"
"2013","AAAGTACCAC"
"2014","CTGGCGGTAT"
"2015","TCGGTACTGG"
"2016","AGTTAAGCTG"
"2017","GCGCGTTTAA"
"2018","TGCCTTATGG"
"2019","ACAAGCCTGT"
"2020","GCAATGCTAC"
"2021","CCCGTGATAA"
"2022","GATGAGCGAT"
"2023","TTACTGGCCT"
"2024","TAACGGCGTG"
"2025","AGCAGTGCCT"
"2026","TGAGCGCAGG"
"2027","CGTAACTTGG"
"2028","TCATACGTCA"
"2029","ATGGTGCTTT"
"2030","TAGGTTCGAT"
"2031","TAGCAACTTG"
"2032","TTCGCTAAGA"
"2033","CCGAATACAC"
"2034","CCCACTTGTA"
"2035","CAATGGCACT"
"2036","CCCGTGACTC"
"2037","ATGGCTAAAC"
"2038","GGTGCTGATC"
"2039","ATGCTTATAG"
"2040","TAGGCCATGT"
"2041","TTACGCTATG"
"2042","GTAACTTGTG"
"2043","TTACTGGCGG"
"2044","GTTTGAAGTC"
"2045","AGCGTGCTGT"
"2046","GTACAAGCGG"
"2047","GAGCTTGGGT"
"2048","TAACTGAGTA"
"2049","CATCAGCGTT"
"2050","AGAACCATTT"
"2051","TCGCGGGTTA"
"2052","TGTACTGGCC"
"2053","TCATGCCATT"
"2054","GGATTGCAGC"
"2055","TTAACAATGG"
"2056","CGATGATAAT"
"2057","CAATGCTGTT"
"2058","ATGATGCTCA"
"2059","AACCATTGAA"
"2060","GAGGAGCTGG"
"2061","GGCTATTGGT"
"2062","TTCAGCTCCC"
"2063","AGAACAATAT"
"2064","ATGGGCTGTA"
"2065","CGATTGAATT"
"2066","AAGGCTAGTT"
"2067","TCCGTTAACC"
"2068","CCTAGATAGC"
"2069","GTGCAATTTA"
"2070","TTGCGATTAG"
"2071","AGCATTAGAC"
"2072","GAAGGCATTT"
"2073","TAGGGCCGTC"
"2074","GTCGCAGTCC"
"2075","ATCGCACGCA"
"2076","TAGTTAAACT"
"2077","TAAACTACGC"
"2078","AAGCTGGTGG"
"2079","CCGGCATCGA"
"2080","CGCAGTGCCA"
"2081","TCGATGGATG"
"2082","TCACTGCACG"
"2083","CTGAAATCAA"
"2084","CACATCAGCA"
"2085","TATTCAGCCG"
"2086","CAACGCTAGA"
"2087","GCCATTGGTA"
"2088","GACAGCCTCG"
"2089","GCATACTGAA"
"2090","TGTAGCAATC"
"2091","CTGAGGAGCA"
"2092","CACTAGTTGG"
"2093","GGTGGCAGGG"
"2094","TGCGTAACCG"
"2095","GAAACAGTTA"
"2096","TTGCCAGAGT"
"2097","ATCGTATATG"
"2098","AGGCTACTGA"
"2099","GCATCGGGTT"
"2100","GGTTAACAAA"
"2101","CTTAGCAATT"
"2102","CCTTAGCTAC"
"2103","CGCATATGAT"
"2104","AAGCAGTCCT"
"2105","ATCAGCAAAT"
"2106","TTACGCCATC"
"2107","TAGCTAATGC"
"2108","GTGTTAGCTC"
"2109","CCTCGCTTAT"
"2110","GCAAGCGTAC"
"2111","AGTTAAAGCC"
"2112","GGCGTATTCG"
"2113","TGCAATAGGG"
"2114","TAATGCTATA"
"2115","CCGATGCGCT"
"2116","TTCATTAGCT"
"2117","GAGTTAACCT"
"2118","ATAAATCGAG"
"2119","CAGAGGCGTT"
"2120","CGTCGCTTAG"
"2121","CTAATATGAT"
"2122","GCTACTTGTA"
"2123","AAACTAGAAA"
"2124","GGTCAACTAG"
"2125","CTTAGCGTAT"
"2126","ACCGCAGCTC"
"2127","TGCTATCATA"
"2128","GATCCAAGCC"
"2129","AGGCATTCAA"
"2130","CAGAGGCGTG"
"2131","GTTAACAGTG"
"2132","CGGACTGCTG"
"2133","TGAACTAGTT"
"2134","AGAATACAGC"
"2135","ACCGCATGAC"
"2136","CGAGTGCTAA"
"2137","AATACTATGC"
"2138","CGAGCAATGA"
"2139","AGCAGCCGTC"
"2140","TTAGCTGTTC"
"2141","CACGGGTTGG"
"2142","CTATCAGCGT"
"2143","GTAATGGCAG"
"2144","CAGCAGCCTG"
"2145","GCGTTGTAGG"
"2146","GCTGCACGAC"
"2147","ATGCATTGGG"
"2148","ATGGCGTTTG"
"2149","GTATGCTCGT"
"2150","AGCAGATTGA"
"2151","AAGTCAGCGC"
"2152","CACAAATTTG"
"2153","CCTGCTATGA"
"2154","GCGCCTGTTA"
"2155","AGCGCTAGGA"
"2156","GCCTTGCAGG"
"2157","GCTATGAGCC"
"2158","ACTACGGGTC"
"2159","TTATAGGCGT"
"2160","TCCGCGATGG"
"2161","TCGTGCATTC"
"2162","TAGAAATGCT"
"2163","GGTCAGCCGA"
"2164","GTGCCATGTA"
"2165","ATGGCCAGTA"
"2166","TCACTGCAAT"
"2167","TAAACATGGA"
"2168","TAGGCTAGAT"
"2169","CGGAATGGTT"
"2170","AGTAGCCGAT"
"2171","TGGTGCGTCA"
"2172","CTGAGGAATG"
"2173","GCAAGCCTGC"
"2174","GAGCATTAGA"
"2175","CTGCAATGAT"
"2176","GTGGCAAATC"
"2177","CTGCCTTTCA"
"2178","GTTAACATTG"
"2179","CGCGCTGCCA"
"2180","ATATTGCTTC"
"2181","TATAAACTAG"
"2182","AGTGAATTCA"
"2183","AATAGGCCGA"
"2184","CATTAAGCTG"
"2185","ACAACCGCTC"
"2186","GGGAATAGCG"
"2187","GCGTAATTTG"
"2188","GCGAATATGA"
"2189","ACGCTATCAA"
"2190","CAAGTCGCGA"
"2191","TGTTTGAACG"
"2192","GGGCATCCCA"
"2193","AGGTGCTTCG"
"2194","TGCAGATTCA"
"2195","AGTGCGTCAA"
"2196","GCATACTATG"
"2197","GTTACTTACG"
"2198","TATTAAGCCG"
"2199","TGAACTAGAA"
"2200","ATAGGCGTGG"
"2201","TGGAGCTTTG"
"2202","GTAAGCTAGC"
"2203","GGATCGCGAT"
"2204","TATCAGTATT"
"2205","CGAATAAGGC"
"2206","GCAGATTACT"
"2207","ATGGTTTGCG"
"2208","GCGTCGCGAG"
"2209","ATACTTGGCT"
"2210","GGATTACTGA"
"2211","GATACGCTTT"
"2212","TATCGTATAC"
"2213","TGCTGCGCAG"
"2214","AAGCATTATT"
"2215","AGTATTCATT"
"2216","TAGCTACCGG"
"2217","AGGCTGCACG"
"2218","GCTAGATTAG"
"2219","CCGAATCGCG"
"2220","AAGCGCATCG"
"2221","TGATGCTTCC"
"2222","AGGAGTTACG"
"2223","AAGGTTGCCC"
"2224","ATTCATGCTA"
"2225","TGGATCGACA"
"2226","CTGAGGCTAT"
"2227","AAACTATCGC"
"2228","CGCTCGTAGC"
"2229","AAATTAGGCG"
"2230","ATGCATGCCG"
"2231","CTGGCCATTA"
"2232","GATGGATTCG"
"2233","AATGCTTGGT"
"2234","ACGCTTATTT"
"2235","GATATAGCGC"
"2236","GTAAGTGCCT"
"2237","CCTTAGCTAT"
"2238","GTGATACAAT"
"2239","CCACATTGCG"
"2240","CAGCAACTAG"
"2241","CAGCGTACGA"
"2242","TTGCTTGACG"
"2243","AACTAGTTTC"
"2244","TCGGCACACG"
"2245","TAAAGGCTGG"
"2246","GAATATCGCT"
"2247","TATGTAAACA"
"2248","CTCAAATGCA"
"2249","GTGGGCTAAT"
"2250","TGTATTACTG"
"2251","CCACTTGGGT"
"2252","GGCAAGCGTT"
"2253","TAACGCATCC"
"2254","CTGAGGAATC"
"2255","GCTTAATTGG"
"2256","CCCTGTACTA"
"2257","CATGCGACGC"
"2258","CGCATGCGGG"
"2259","GCGATGCTTG"
"2260","CAGTATTTGA"
"2261","CTATGGCGGC"
"2262","CGATGCGCTC"
"2263","TGGTTAGGGC"
"2264","CCAGGCATCC"
"2265","CTAGCAGACC"
"2266","TAAGCGGCTG"
"2267","TGGATCGCTC"
"2268","GGCGCTATTA"
"2269","AGAATGCTGG"
"2270","CGACGATATC"
"2271","TCGCATACGT"
"2272","TGTGCTAATA"
"2273","CCACTGCTCG"
"2274","CAGGCTAAAC"
"2275","ATTCATGCGG"
"2276","CTTAAAGGTT"
"2277","CCTTAGCTCG"
"2278","ATAGGGCTGC"
"2279","AACGGCACTA"
"2280","CAGCTAGATT"
"2281","TCAGCGCAGG"
"2282","CACGTGCTTA"
"2283","GTTAAGCTTG"
